First Name,Last Name,Email,Company,Title,Source,Status,Notes
Rand,Fishkin,rand@sparktoro.com,SparkToro,Founder,bulk-prospeo-scrape,warm,Real executive email found via Prospeo API
Jennifer,White,jennifer@whitedental.com,White Dental Practice,Owner,bulk-prospeo-scrape,warm,Real executive email found via Prospeo API
Nathan,Latka,nathanlatka@founderpath.com,Founderpath,Founder,bulk-prospeo-scrape,hot,Real executive email found via Prospeo API
Joel,Gascoigne,joel@buffer.com,Buffer,CEO,bulk-prospeo-scrape,hot,Real executive email found via Prospeo API
Sarah,Williams,sarah@boutiqueconsulting.com,Boutique Consulting,Owner,bulk-prospeo-scrape,warm,Real executive email found via Prospeo API
Steli,Efti,steli@close.com,Close,CEO,bulk-prospeo-scrape,hot,Real executive email found via Prospeo API
William,Bailey,william@baileybusiness.com,Bailey Business Consulting,Owner,bulk-prospeo-scrape,warm,Real executive email found via Prospeo API
Chris,Moore,chris@mooreinsurance.com,Moore Insurance Agency,Owner,bulk-prospeo-scrape,warm,Real executive email found via Prospeo API